[{"image_id": 1, "category_id": 1, "bbox": [578.387, 982.482, 33.718, 41.364], "score": 0.94601}, {"image_id": 1, "category_id": 1, "bbox": [31.294, 498.94, 32.985, 42.329], "score": 0.92524}, {"image_id": 1, "category_id": 1, "bbox": [680.182, 951.851, 30.247, 38.525], "score": 0.80605}, {"image_id": 1, "category_id": 1, "bbox": [206.307, 537.418, 39.093, 38.556], "score": 0.7306}, {"image_id": 988, "category_id": 1, "bbox": [0.28, 412.392, 10.63, 30.718], "score": 0.1667}, {"image_id": 988, "category_id": 1, "bbox": [69.49, 194.689, 21.13, 14.054], "score": 0.14634}, {"image_id": 988, "category_id": 1, "bbox": [0.0, 419.411, 12.59, 47.5], "score": 0.02206}, {"image_id": 988, "category_id": 1, "bbox": [170.472, 187.398, 24.679, 34.625], "score": 0.01944}, {"image_id": 988, "category_id": 1, "bbox": [0.436, 408.081, 9.55, 23.426], "score": 0.00852}, {"image_id": 988, "category_id": 1, "bbox": [0.0, 19.554, 11.685, 14.036], "score": 0.0056}, {"image_id": 988, "category_id": 1, "bbox": [459.114, 140.689, 10.758, 21.303], "score": 0.0054}, {"image_id": 988, "category_id": 1, "bbox": [261.218, 180.75, 30.934, 60.03], "score": 0.0046}, {"image_id": 988, "category_id": 1, "bbox": [454.792, 137.588, 12.957, 23.197], "score": 0.00453}, {"image_id": 988, "category_id": 1, "bbox": [179.783, 195.071, 17.568, 29.167], "score": 0.00419}, {"image_id": 988, "category_id": 1, "bbox": [0.0, 409.365, 20.246, 64.738], "score": 0.00372}, {"image_id": 988, "category_id": 1, "bbox": [449.451, 293.872, 29.271, 61.157], "score": 0.00361}, {"image_id": 988, "category_id": 1, "bbox": [274.356, 243.677, 30.775, 21.215], "score": 0.00356}, {"image_id": 1485, "category_id": 1, "bbox": [449.687, 389.732, 49.652, 33.862], "score": 0.91556}, {"image_id": 1485, "category_id": 1, "bbox": [656.257, 46.864, 43.743, 44.92], "score": 0.43062}, {"image_id": 1485, "category_id": 1, "bbox": [185.374, 0.304, 38.403, 13.34], "score": 0.05322}, {"image_id": 1485, "category_id": 1, "bbox": [267.29, 308.275, 36.388, 23.049], "score": 0.0269}, {"image_id": 1485, "category_id": 1, "bbox": [667.482, 42.432, 32.518, 41.866], "score": 0.01716}, {"image_id": 1485, "category_id": 1, "bbox": [608.033, 683.264, 75.068, 16.461], "score": 0.01708}, {"image_id": 1485, "category_id": 1, "bbox": [450.024, 686.186, 28.337, 13.625], "score": 0.01289}, {"image_id": 1498, "category_id": 1, "bbox": [349.053, 245.711, 78.995, 49.076], "score": 0.96094}, {"image_id": 1498, "category_id": 1, "bbox": [649.16, 507.687, 45.763, 26.976], "score": 0.86242}, {"image_id": 1498, "category_id": 1, "bbox": [635.362, 402.381, 44.229, 40.385], "score": 0.58901}, {"image_id": 1498, "category_id": 1, "bbox": [457.575, 785.784, 59.561, 13.564], "score": 0.02439}, {"image_id": 848, "category_id": 1, "bbox": [91.993, 306.727, 27.043, 38.224], "score": 0.97275}, {"image_id": 848, "category_id": 1, "bbox": [391.915, 146.037, 35.03, 30.001], "score": 0.7076}, {"image_id": 848, "category_id": 1, "bbox": [486.497, 123.073, 16.158, 17.709], "score": 0.56094}, {"image_id": 848, "category_id": 1, "bbox": [489.341, 487.69, 22.357, 24.285], "score": 0.28882}, {"image_id": 848, "category_id": 1, "bbox": [284.635, 58.08, 37.985, 45.367], "score": 0.23063}, {"image_id": 848, "category_id": 1, "bbox": [304.248, 225.67, 18.058, 26.17], "score": 0.06763}, {"image_id": 848, "category_id": 1, "bbox": [257.788, 440.798, 16.31, 10.518], "score": 0.04931}, {"image_id": 848, "category_id": 1, "bbox": [142.308, 51.352, 11.296, 17.946], "score": 0.04547}, {"image_id": 864, "category_id": 1, "bbox": [670.082, 123.034, 40.09, 31.03], "score": 0.96314}, {"image_id": 864, "category_id": 1, "bbox": [28.065, 395.778, 31.716, 28.943], "score": 0.96131}, {"image_id": 864, "category_id": 1, "bbox": [24.863, 649.998, 35.851, 38.591], "score": 0.95902}, {"image_id": 864, "category_id": 1, "bbox": [118.093, 316.398, 48.752, 37.859], "score": 0.93686}, {"image_id": 864, "category_id": 1, "bbox": [571.626, 294.732, 42.284, 33.173], "score": 0.92601}, {"image_id": 864, "category_id": 1, "bbox": [764.577, 317.07, 34.556, 38.367], "score": 0.89223}, {"image_id": 864, "category_id": 1, "bbox": [541.382, 350.094, 45.824, 36.084], "score": 0.81195}, {"image_id": 864, "category_id": 1, "bbox": [333.942, 718.269, 23.682, 18.625], "score": 0.61277}, {"image_id": 864, "category_id": 1, "bbox": [462.406, 602.439, 19.682, 24.606], "score": 0.48392}, {"image_id": 864, "category_id": 1, "bbox": [87.96, 465.799, 43.558, 26.997], "score": 0.38723}, {"image_id": 986, "category_id": 1, "bbox": [120.693, 126.281, 19.289, 24.089], "score": 0.06101}, {"image_id": 986, "category_id": 1, "bbox": [79.034, 150.426, 35.265, 37.191], "score": 0.04457}, {"image_id": 986, "category_id": 1, "bbox": [3.156, 381.522, 17.944, 25.505], "score": 0.00824}, {"image_id": 986, "category_id": 1, "bbox": [252.306, 166.283, 18.769, 16.118], "score": 0.00801}, {"image_id": 986, "category_id": 1, "bbox": [1.302, 366.223, 17.519, 37.58], "score": 0.00764}, {"image_id": 986, "category_id": 1, "bbox": [84.055, 0.0, 39.628, 12.07], "score": 0.00741}, {"image_id": 986, "category_id": 1, "bbox": [477.17, 392.44, 22.713, 47.007], "score": 0.0072}, {"image_id": 986, "category_id": 1, "bbox": [63.612, 248.21, 24.578, 27.288], "score": 0.00709}, {"image_id": 986, "category_id": 1, "bbox": [103.308, 0.032, 31.065, 11.011], "score": 0.00538}, {"image_id": 986, "category_id": 1, "bbox": [234.274, 1.041, 19.624, 11.409], "score": 0.00514}, {"image_id": 986, "category_id": 1, "bbox": [0.0, 6.136, 25.109, 41.498], "score": 0.00431}, {"image_id": 986, "category_id": 1, "bbox": [117.848, 127.445, 23.687, 48.802], "score": 0.00382}, {"image_id": 986, "category_id": 1, "bbox": [77.764, 1.628, 35.877, 14.643], "score": 0.00381}, {"image_id": 1016, "category_id": 1, "bbox": [116.556, 192.857, 24.53, 24.989], "score": 0.80608}, {"image_id": 1016, "category_id": 1, "bbox": [436.549, 170.03, 20.937, 22.081], "score": 0.60084}, {"image_id": 1016, "category_id": 1, "bbox": [283.434, 0.171, 33.03, 21.954], "score": 0.262}, {"image_id": 1016, "category_id": 1, "bbox": [224.014, 455.609, 23.589, 25.475], "score": 0.05115}, {"image_id": 1016, "category_id": 1, "bbox": [190.331, 0.467, 34.516, 35.84], "score": 0.0364}, {"image_id": 1016, "category_id": 1, "bbox": [147.515, 490.837, 30.231, 8.828], "score": 0.01439}, {"image_id": 1125, "category_id": 1, "bbox": [226.86, 66.885, 28.597, 30.944], "score": 0.94293}, {"image_id": 1125, "category_id": 1, "bbox": [174.723, 136.852, 24.145, 27.012], "score": 0.83803}, {"image_id": 1125, "category_id": 1, "bbox": [227.654, 262.849, 31.273, 31.394], "score": 0.62048}, {"image_id": 1125, "category_id": 1, "bbox": [0.0, 115.709, 14.108, 27.727], "score": 0.58656}, {"image_id": 1125, "category_id": 1, "bbox": [179.61, 20.184, 22.546, 30.329], "score": 0.41908}, {"image_id": 1125, "category_id": 1, "bbox": [238.637, 193.293, 30.907, 30.484], "score": 0.3585}, {"image_id": 1125, "category_id": 1, "bbox": [148.816, 284.468, 27.174, 35.087], "score": 0.32835}, {"image_id": 1125, "category_id": 1, "bbox": [23.304, 449.61, 47.398, 31.212], "score": 0.05444}, {"image_id": 1125, "category_id": 1, "bbox": [143.105, 472.297, 49.448, 17.028], "score": 0.03411}, {"image_id": 1125, "category_id": 1, "bbox": [1.656, 19.747, 21.083, 32.089], "score": 0.03088}, {"image_id": 1464, "category_id": 1, "bbox": [456.708, 498.47, 65.343, 36.946], "score": 0.96194}, {"image_id": 1464, "category_id": 1, "bbox": [247.017, 713.533, 72.519, 42.273], "score": 0.93295}, {"image_id": 1464, "category_id": 1, "bbox": [606.459, 584.761, 59.903, 23.92], "score": 0.93288}, {"image_id": 1464, "category_id": 1, "bbox": [387.909, 463.887, 71.15, 35.578], "score": 0.8785}, {"image_id": 1464, "category_id": 1, "bbox": [507.271, 522.677, 71.311, 38.041], "score": 0.87627}, {"image_id": 1464, "category_id": 1, "bbox": [301.388, 409.809, 66.365, 37.6], "score": 0.83221}, {"image_id": 1464, "category_id": 1, "bbox": [213.898, 368.204, 60.036, 36.171], "score": 0.82068}, {"image_id": 1464, "category_id": 1, "bbox": [516.679, 7.183, 56.291, 38.097], "score": 0.70848}, {"image_id": 1464, "category_id": 1, "bbox": [258.165, 402.45, 45.711, 25.512], "score": 0.6941}, {"image_id": 1464, "category_id": 1, "bbox": [195.026, 684.125, 69.146, 34.103], "score": 0.6509}, {"image_id": 1464, "category_id": 1, "bbox": [775.419, 84.634, 23.442, 51.295], "score": 0.16409}, {"image_id": 934, "category_id": 1, "bbox": [0.052, 250.269, 20.497, 28.627], "score": 0.2815}, {"image_id": 934, "category_id": 1, "bbox": [121.061, 489.171, 38.716, 22.515], "score": 0.17381}, {"image_id": 934, "category_id": 1, "bbox": [401.035, 334.997, 18.653, 25.713], "score": 0.14378}, {"image_id": 934, "category_id": 1, "bbox": [244.957, 294.966, 34.815, 60.61], "score": 0.09952}, {"image_id": 934, "category_id": 1, "bbox": [238.929, 329.125, 41.199, 35.325], "score": 0.08179}, {"image_id": 934, "category_id": 1, "bbox": [398.679, 295.477, 24.903, 49.603], "score": 0.06699}, {"image_id": 934, "category_id": 1, "bbox": [325.224, 284.259, 29.721, 50.326], "score": 0.05597}, {"image_id": 934, "category_id": 1, "bbox": [81.3, 440.482, 46.688, 28.744], "score": 0.05378}, {"image_id": 934, "category_id": 1, "bbox": [481.179, 502.116, 27.567, 9.884], "score": 0.03893}, {"image_id": 934, "category_id": 1, "bbox": [0.629, 250.645, 20.815, 54.161], "score": 0.0366}, {"image_id": 934, "category_id": 1, "bbox": [343.891, 293.644, 31.974, 48.6], "score": 0.03576}, {"image_id": 934, "category_id": 1, "bbox": [487.557, 215.085, 21.738, 25.609], "score": 0.03463}, {"image_id": 934, "category_id": 1, "bbox": [105.44, 332.791, 25.117, 27.056], "score": 0.03215}, {"image_id": 934, "category_id": 1, "bbox": [195.812, 267.491, 69.884, 91.006], "score": 0.02916}, {"image_id": 934, "category_id": 1, "bbox": [96.086, 378.315, 17.62, 29.194], "score": 0.02512}, {"image_id": 934, "category_id": 1, "bbox": [28.033, 402.786, 34.847, 34.131], "score": 0.02307}, {"image_id": 934, "category_id": 1, "bbox": [224.951, 39.513, 19.195, 25.682], "score": 0.02098}, {"image_id": 934, "category_id": 1, "bbox": [181.572, 237.826, 30.662, 50.112], "score": 0.02075}, {"image_id": 934, "category_id": 1, "bbox": [38.521, 270.846, 75.86, 85.655], "score": 0.01951}, {"image_id": 934, "category_id": 1, "bbox": [199.986, 166.786, 20.331, 13.965], "score": 0.01875}, {"image_id": 934, "category_id": 1, "bbox": [67.191, 305.008, 47.172, 39.289], "score": 0.01699}, {"image_id": 1090, "category_id": 1, "bbox": [396.568, 178.761, 31.445, 36.328], "score": 0.75188}, {"image_id": 1090, "category_id": 1, "bbox": [206.898, 390.295, 28.637, 23.572], "score": 0.75172}, {"image_id": 1090, "category_id": 1, "bbox": [147.26, 111.185, 44.231, 41.866], "score": 0.74555}, {"image_id": 1090, "category_id": 1, "bbox": [356.374, 244.871, 33.311, 29.521], "score": 0.23797}, {"image_id": 1090, "category_id": 1, "bbox": [334.535, 367.286, 33.176, 24.579], "score": 0.11428}, {"image_id": 1090, "category_id": 1, "bbox": [0.361, 90.946, 11.327, 20.877], "score": 0.01803}, {"image_id": 1090, "category_id": 1, "bbox": [147.861, 115.774, 29.044, 29.884], "score": 0.01249}, {"image_id": 1090, "category_id": 1, "bbox": [388.274, 154.083, 29.408, 43.927], "score": 0.01165}, {"image_id": 1090, "category_id": 1, "bbox": [201.564, 390.566, 24.075, 23.169], "score": 0.01084}, {"image_id": 1055, "category_id": 1, "bbox": [128.36, 419.946, 39.135, 41.694], "score": 0.88454}, {"image_id": 1055, "category_id": 1, "bbox": [0.0, 550.161, 19.647, 35.84], "score": 0.65077}, {"image_id": 1055, "category_id": 1, "bbox": [419.367, 301.939, 25.221, 38.521], "score": 0.44621}, {"image_id": 1055, "category_id": 1, "bbox": [0.479, 291.612, 10.087, 23.178], "score": 0.1324}, {"image_id": 1055, "category_id": 1, "bbox": [572.686, 339.651, 27.314, 27.02], "score": 0.11303}, {"image_id": 1055, "category_id": 1, "bbox": [416.751, 0.631, 40.691, 30.7], "score": 0.10375}, {"image_id": 1055, "category_id": 1, "bbox": [298.891, 145.277, 17.662, 19.697], "score": 0.07864}, {"image_id": 1055, "category_id": 1, "bbox": [516.121, 318.519, 47.269, 25.78], "score": 0.04183}, {"image_id": 1055, "category_id": 1, "bbox": [352.972, 332.714, 14.732, 16.013], "score": 0.03604}, {"image_id": 802, "category_id": 1, "bbox": [194.785, 316.997, 39.036, 66.046], "score": 0.7221}, {"image_id": 802, "category_id": 1, "bbox": [291.542, 364.86, 27.777, 36.137], "score": 0.16376}, {"image_id": 802, "category_id": 1, "bbox": [156.375, 356.719, 48.453, 52.24], "score": 0.09395}, {"image_id": 802, "category_id": 1, "bbox": [335.204, 276.064, 47.776, 70.744], "score": 0.07126}, {"image_id": 802, "category_id": 1, "bbox": [333.924, 177.709, 29.476, 47.649], "score": 0.06999}, {"image_id": 802, "category_id": 1, "bbox": [144.939, 365.579, 52.795, 51.011], "score": 0.04467}, {"image_id": 802, "category_id": 1, "bbox": [197.543, 345.614, 41.522, 48.892], "score": 0.03717}, {"image_id": 802, "category_id": 1, "bbox": [491.821, 345.539, 19.815, 36.028], "score": 0.03563}, {"image_id": 802, "category_id": 1, "bbox": [328.851, 156.604, 32.332, 37.663], "score": 0.01958}, {"image_id": 802, "category_id": 1, "bbox": [327.65, 308.899, 32.642, 40.406], "score": 0.0166}, {"image_id": 802, "category_id": 1, "bbox": [0.71, 51.137, 10.992, 18.433], "score": 0.01655}, {"image_id": 802, "category_id": 1, "bbox": [0.0, 298.582, 20.467, 27.965], "score": 0.01289}, {"image_id": 802, "category_id": 1, "bbox": [341.953, 162.363, 32.789, 40.612], "score": 0.01132}, {"image_id": 802, "category_id": 1, "bbox": [361.388, 277.035, 24.874, 36.015], "score": 0.01112}, {"image_id": 802, "category_id": 1, "bbox": [95.083, 377.469, 48.082, 37.748], "score": 0.01075}, {"image_id": 802, "category_id": 1, "bbox": [342.045, 156.863, 31.592, 28.957], "score": 0.01041}, {"image_id": 802, "category_id": 1, "bbox": [87.09, 378.579, 35.7, 36.147], "score": 0.01006}, {"image_id": 802, "category_id": 1, "bbox": [283.357, 364.739, 30.313, 34.787], "score": 0.00955}, {"image_id": 1248, "category_id": 1, "bbox": [438.873, 626.283, 97.734, 63.137], "score": 0.95715}, {"image_id": 1248, "category_id": 1, "bbox": [642.507, 634.189, 59.215, 46.0], "score": 0.89124}, {"image_id": 1248, "category_id": 1, "bbox": [839.445, 293.598, 52.552, 38.354], "score": 0.8769}, {"image_id": 1248, "category_id": 1, "bbox": [815.391, 528.146, 58.397, 48.663], "score": 0.81046}, {"image_id": 1248, "category_id": 1, "bbox": [764.281, 279.35, 59.296, 44.871], "score": 0.71015}, {"image_id": 1248, "category_id": 1, "bbox": [578.923, 641.567, 55.28, 45.453], "score": 0.69769}, {"image_id": 1248, "category_id": 1, "bbox": [588.923, 238.336, 62.198, 48.147], "score": 0.69178}, {"image_id": 1248, "category_id": 1, "bbox": [670.669, 338.75, 71.92, 51.777], "score": 0.53031}, {"image_id": 1248, "category_id": 1, "bbox": [329.503, 294.408, 182.694, 113.624], "score": 0.47509}, {"image_id": 1248, "category_id": 1, "bbox": [220.032, 579.29, 208.078, 130.138], "score": 0.37537}, {"image_id": 1248, "category_id": 1, "bbox": [517.349, 646.195, 61.395, 48.988], "score": 0.37397}, {"image_id": 1248, "category_id": 1, "bbox": [878.213, 836.724, 21.683, 48.025], "score": 0.22651}, {"image_id": 1248, "category_id": 1, "bbox": [509.495, 163.12, 94.006, 46.572], "score": 0.16832}, {"image_id": 1276, "category_id": 1, "bbox": [108.022, 166.353, 76.684, 51.448], "score": 0.9538}, {"image_id": 1276, "category_id": 1, "bbox": [607.142, 428.923, 38.407, 30.694], "score": 0.81814}, {"image_id": 1276, "category_id": 1, "bbox": [371.774, 239.974, 39.703, 28.156], "score": 0.77368}, {"image_id": 1276, "category_id": 1, "bbox": [138.276, 472.082, 87.487, 58.49], "score": 0.75061}, {"image_id": 1276, "category_id": 1, "bbox": [0.0, 311.784, 27.221, 45.875], "score": 0.67849}, {"image_id": 1276, "category_id": 1, "bbox": [386.863, 362.673, 131.949, 123.119], "score": 0.58684}, {"image_id": 1276, "category_id": 1, "bbox": [480.418, 277.368, 44.577, 41.392], "score": 0.5867}, {"image_id": 1148, "category_id": 1, "bbox": [100.513, 303.818, 25.804, 39.771], "score": 0.56772}, {"image_id": 1148, "category_id": 1, "bbox": [191.272, 260.765, 34.804, 30.801], "score": 0.38059}, {"image_id": 1148, "category_id": 1, "bbox": [60.759, 489.134, 36.638, 10.656], "score": 0.13066}, {"image_id": 1148, "category_id": 1, "bbox": [271.194, 460.687, 40.919, 35.055], "score": 0.11926}, {"image_id": 1148, "category_id": 1, "bbox": [173.796, 256.587, 51.022, 58.541], "score": 0.05578}, {"image_id": 1148, "category_id": 1, "bbox": [44.036, 205.835, 17.167, 22.389], "score": 0.03305}, {"image_id": 1148, "category_id": 1, "bbox": [0.0, 117.581, 15.772, 49.147], "score": 0.0244}, {"image_id": 1148, "category_id": 1, "bbox": [92.758, 313.677, 24.651, 33.95], "score": 0.01672}, {"image_id": 1148, "category_id": 1, "bbox": [129.203, 140.176, 29.588, 25.33], "score": 0.01382}, {"image_id": 1148, "category_id": 1, "bbox": [55.606, 488.443, 89.297, 10.999], "score": 0.01097}, {"image_id": 1155, "category_id": 1, "bbox": [125.079, 124.402, 17.37, 18.746], "score": 0.74595}, {"image_id": 1155, "category_id": 1, "bbox": [167.715, 172.287, 32.585, 35.025], "score": 0.51589}, {"image_id": 1155, "category_id": 1, "bbox": [115.216, 319.482, 22.02, 23.669], "score": 0.02552}, {"image_id": 1155, "category_id": 1, "bbox": [311.282, 0.577, 26.589, 23.268], "score": 0.01332}, {"image_id": 1155, "category_id": 1, "bbox": [117.208, 124.805, 21.377, 19.7], "score": 0.0073}, {"image_id": 1155, "category_id": 1, "bbox": [464.781, 122.271, 33.22, 44.26], "score": 0.00722}, {"image_id": 1155, "category_id": 1, "bbox": [127.656, 118.187, 13.977, 19.566], "score": 0.00706}, {"image_id": 1155, "category_id": 1, "bbox": [178.514, 373.852, 24.066, 28.316], "score": 0.00593}, {"image_id": 1155, "category_id": 1, "bbox": [114.277, 115.74, 36.186, 33.944], "score": 0.00583}, {"image_id": 1155, "category_id": 1, "bbox": [127.289, 127.619, 19.911, 20.134], "score": 0.00581}, {"image_id": 1155, "category_id": 1, "bbox": [177.167, 0.143, 27.122, 8.144], "score": 0.00523}, {"image_id": 1027, "category_id": 1, "bbox": [658.888, 540.274, 20.195, 29.608], "score": 0.82387}, {"image_id": 1027, "category_id": 1, "bbox": [260.527, 326.262, 25.16, 34.056], "score": 0.41859}, {"image_id": 1027, "category_id": 1, "bbox": [767.483, 0.0, 31.939, 30.946], "score": 0.25428}, {"image_id": 1027, "category_id": 1, "bbox": [481.275, 502.075, 20.243, 29.109], "score": 0.0965}, {"image_id": 1027, "category_id": 1, "bbox": [769.093, 0.0, 28.122, 66.66], "score": 0.04856}, {"image_id": 1027, "category_id": 1, "bbox": [225.881, 354.913, 14.895, 23.037], "score": 0.02716}, {"image_id": 1027, "category_id": 1, "bbox": [776.352, 0.0, 23.648, 22.441], "score": 0.02593}, {"image_id": 1027, "category_id": 1, "bbox": [265.222, 321.067, 21.826, 30.065], "score": 0.01978}, {"image_id": 1027, "category_id": 1, "bbox": [777.935, 0.0, 22.022, 41.412], "score": 0.01628}, {"image_id": 1039, "category_id": 1, "bbox": [125.064, 640.465, 18.668, 19.774], "score": 0.72856}, {"image_id": 1039, "category_id": 1, "bbox": [304.171, 329.234, 27.479, 27.308], "score": 0.26466}, {"image_id": 1039, "category_id": 1, "bbox": [471.752, 450.133, 15.882, 18.149], "score": 0.20257}, {"image_id": 1039, "category_id": 1, "bbox": [521.212, 163.625, 21.333, 25.062], "score": 0.05162}, {"image_id": 1039, "category_id": 1, "bbox": [135.415, 447.938, 37.763, 26.292], "score": 0.02048}, {"image_id": 1039, "category_id": 1, "bbox": [465.313, 448.04, 18.925, 18.36], "score": 0.02012}, {"image_id": 1039, "category_id": 1, "bbox": [469.738, 441.66, 17.363, 23.051], "score": 0.01657}, {"image_id": 1080, "category_id": 1, "bbox": [194.264, 128.263, 23.654, 44.439], "score": 0.12009}, {"image_id": 1080, "category_id": 1, "bbox": [230.537, 194.027, 16.464, 21.198], "score": 0.04747}, {"image_id": 1080, "category_id": 1, "bbox": [55.161, 222.111, 20.177, 21.853], "score": 0.04082}, {"image_id": 1080, "category_id": 1, "bbox": [223.495, 460.097, 42.508, 28.152], "score": 0.03905}, {"image_id": 1080, "category_id": 1, "bbox": [358.822, 193.735, 31.037, 28.942], "score": 0.02045}, {"image_id": 1080, "category_id": 1, "bbox": [272.875, 330.288, 11.316, 16.502], "score": 0.0186}, {"image_id": 1080, "category_id": 1, "bbox": [22.101, 45.062, 25.037, 38.82], "score": 0.01307}, {"image_id": 1080, "category_id": 1, "bbox": [136.751, 153.518, 11.689, 10.305], "score": 0.01053}, {"image_id": 1080, "category_id": 1, "bbox": [90.095, 462.205, 32.666, 33.935], "score": 0.01035}, {"image_id": 1080, "category_id": 1, "bbox": [167.274, 248.297, 16.088, 34.514], "score": 0.00838}, {"image_id": 1080, "category_id": 1, "bbox": [294.596, 80.853, 28.36, 15.471], "score": 0.00807}, {"image_id": 1080, "category_id": 1, "bbox": [170.084, 477.744, 15.558, 7.304], "score": 0.00793}, {"image_id": 1080, "category_id": 1, "bbox": [174.566, 61.844, 22.282, 21.54], "score": 0.00685}, {"image_id": 1080, "category_id": 1, "bbox": [136.713, 349.672, 38.776, 42.817], "score": 0.00621}, {"image_id": 1080, "category_id": 1, "bbox": [77.03, 1.777, 26.605, 34.167], "score": 0.00585}, {"image_id": 1083, "category_id": 1, "bbox": [370.438, 466.766, 18.612, 17.189], "score": 0.76581}, {"image_id": 1083, "category_id": 1, "bbox": [0.198, 153.866, 12.765, 17.063], "score": 0.1982}, {"image_id": 1083, "category_id": 1, "bbox": [369.437, 212.155, 16.178, 21.049], "score": 0.1682}, {"image_id": 1083, "category_id": 1, "bbox": [302.629, 207.214, 24.692, 29.712], "score": 0.10351}, {"image_id": 1083, "category_id": 1, "bbox": [169.368, 211.508, 16.229, 20.175], "score": 0.08347}, {"image_id": 1083, "category_id": 1, "bbox": [0.761, 91.712, 16.354, 24.711], "score": 0.05403}, {"image_id": 1083, "category_id": 1, "bbox": [325.5, 0.0, 18.596, 12.819], "score": 0.04451}, {"image_id": 1083, "category_id": 1, "bbox": [0.219, 450.184, 8.738, 28.987], "score": 0.02496}, {"image_id": 1083, "category_id": 1, "bbox": [45.608, 355.157, 43.212, 32.446], "score": 0.01991}, {"image_id": 1083, "category_id": 1, "bbox": [21.122, 0.0, 30.399, 13.018], "score": 0.01727}, {"image_id": 1083, "category_id": 1, "bbox": [335.858, 95.883, 13.1, 15.181], "score": 0.0168}, {"image_id": 1083, "category_id": 1, "bbox": [406.417, 118.871, 12.632, 14.729], "score": 0.01505}, {"image_id": 1083, "category_id": 1, "bbox": [1.901, 158.334, 13.224, 14.006], "score": 0.01475}, {"image_id": 766, "category_id": 1, "bbox": [182.886, 181.686, 29.261, 43.909], "score": 0.86129}, {"image_id": 766, "category_id": 1, "bbox": [140.067, 111.899, 30.415, 41.297], "score": 0.53773}, {"image_id": 766, "category_id": 1, "bbox": [340.609, 166.982, 16.994, 30.851], "score": 0.47069}, {"image_id": 766, "category_id": 1, "bbox": [305.36, 500.533, 39.783, 11.319], "score": 0.06557}, {"image_id": 766, "category_id": 1, "bbox": [294.079, 500.104, 32.97, 11.896], "score": 0.03521}, {"image_id": 766, "category_id": 1, "bbox": [241.716, 348.449, 20.134, 30.749], "score": 0.0342}, {"image_id": 766, "category_id": 1, "bbox": [77.887, 397.694, 28.107, 35.457], "score": 0.02508}, {"image_id": 766, "category_id": 1, "bbox": [145.683, 96.996, 37.108, 55.642], "score": 0.02254}, {"image_id": 766, "category_id": 1, "bbox": [280.363, 63.173, 24.542, 42.93], "score": 0.02149}, {"image_id": 766, "category_id": 1, "bbox": [63.875, 287.424, 37.683, 25.76], "score": 0.01914}, {"image_id": 766, "category_id": 1, "bbox": [382.901, 38.131, 13.393, 15.062], "score": 0.01372}, {"image_id": 766, "category_id": 1, "bbox": [315.354, 500.574, 50.031, 11.426], "score": 0.01348}, {"image_id": 984, "category_id": 1, "bbox": [240.436, 294.204, 33.256, 31.744], "score": 0.68286}, {"image_id": 984, "category_id": 1, "bbox": [117.419, 439.134, 21.44, 15.28], "score": 0.3995}, {"image_id": 984, "category_id": 1, "bbox": [255.112, 29.969, 18.661, 15.99], "score": 0.24353}, {"image_id": 984, "category_id": 1, "bbox": [0.894, 181.538, 15.116, 20.906], "score": 0.10235}, {"image_id": 984, "category_id": 1, "bbox": [345.321, 0.0, 25.064, 10.793], "score": 0.09134}, {"image_id": 984, "category_id": 1, "bbox": [279.544, 201.428, 78.577, 51.323], "score": 0.03302}, {"image_id": 984, "category_id": 1, "bbox": [37.664, 473.411, 29.235, 26.59], "score": 0.019}, {"image_id": 984, "category_id": 1, "bbox": [437.929, 16.556, 47.904, 40.911], "score": 0.01379}, {"image_id": 984, "category_id": 1, "bbox": [110.975, 437.026, 24.984, 14.46], "score": 0.01159}, {"image_id": 880, "category_id": 1, "bbox": [738.953, 576.642, 29.113, 78.557], "score": 0.64954}, {"image_id": 880, "category_id": 1, "bbox": [59.042, 583.796, 29.012, 56.074], "score": 0.62584}, {"image_id": 880, "category_id": 1, "bbox": [739.977, 457.766, 34.91, 60.688], "score": 0.03548}, {"image_id": 880, "category_id": 1, "bbox": [245.263, 470.962, 27.457, 31.981], "score": 0.02535}, {"image_id": 880, "category_id": 1, "bbox": [45.247, 590.256, 34.347, 52.981], "score": 0.01588}, {"image_id": 880, "category_id": 1, "bbox": [740.528, 612.24, 26.204, 51.788], "score": 0.0145}, {"image_id": 880, "category_id": 1, "bbox": [66.522, 581.975, 31.528, 59.808], "score": 0.01175}, {"image_id": 1143, "category_id": 1, "bbox": [55.054, 113.254, 29.771, 31.52], "score": 0.96146}, {"image_id": 1143, "category_id": 1, "bbox": [691.07, 656.707, 27.519, 32.216], "score": 0.76576}, {"image_id": 1143, "category_id": 1, "bbox": [406.453, 317.525, 37.322, 41.669], "score": 0.40896}, {"image_id": 1143, "category_id": 1, "bbox": [659.642, 274.302, 69.124, 58.768], "score": 0.16683}, {"image_id": 1143, "category_id": 1, "bbox": [644.052, 639.385, 18.802, 21.319], "score": 0.14011}, {"image_id": 1143, "category_id": 1, "bbox": [646.951, 643.297, 23.309, 24.373], "score": 0.10519}, {"image_id": 1143, "category_id": 1, "bbox": [94.415, 0.28, 55.322, 27.625], "score": 0.0509}, {"image_id": 1143, "category_id": 1, "bbox": [422.045, 317.51, 25.514, 30.181], "score": 0.04721}, {"image_id": 39, "category_id": 1, "bbox": [156.438, 560.679, 37.926, 42.998], "score": 0.97635}, {"image_id": 39, "category_id": 1, "bbox": [96.372, 631.25, 40.824, 48.743], "score": 0.95708}, {"image_id": 39, "category_id": 1, "bbox": [549.697, 905.667, 32.721, 41.324], "score": 0.81874}, {"image_id": 39, "category_id": 1, "bbox": [447.472, 940.984, 31.94, 35.801], "score": 0.70476}, {"image_id": 189, "category_id": 1, "bbox": [575.559, 636.271, 46.8, 70.311], "score": 0.81189}, {"image_id": 189, "category_id": 1, "bbox": [585.844, 316.937, 37.995, 52.22], "score": 0.76972}, {"image_id": 189, "category_id": 1, "bbox": [791.17, 176.534, 38.275, 33.525], "score": 0.57107}, {"image_id": 189, "category_id": 1, "bbox": [506.83, 642.198, 32.905, 43.981], "score": 0.55105}, {"image_id": 189, "category_id": 1, "bbox": [593.436, 334.851, 32.067, 36.095], "score": 0.03611}, {"image_id": 229, "category_id": 1, "bbox": [238.476, 543.576, 57.325, 28.354], "score": 0.85782}, {"image_id": 229, "category_id": 1, "bbox": [316.964, 485.399, 73.904, 41.881], "score": 0.80173}, {"image_id": 229, "category_id": 1, "bbox": [380.456, 953.554, 70.951, 40.736], "score": 0.73207}, {"image_id": 229, "category_id": 1, "bbox": [459.026, 920.193, 51.133, 35.263], "score": 0.48737}, {"image_id": 388, "category_id": 1, "bbox": [525.104, 0.677, 61.313, 50.13], "score": 0.94772}, {"image_id": 388, "category_id": 1, "bbox": [172.229, 831.641, 22.638, 39.358], "score": 0.57153}, {"image_id": 388, "category_id": 1, "bbox": [185.525, 573.472, 57.513, 35.311], "score": 0.47251}, {"image_id": 388, "category_id": 1, "bbox": [78.953, 572.465, 33.014, 28.322], "score": 0.08102}, {"image_id": 388, "category_id": 1, "bbox": [757.096, 4.74, 38.993, 41.015], "score": 0.04803}, {"image_id": 388, "category_id": 1, "bbox": [520.181, 0.0, 55.56, 30.561], "score": 0.01791}, {"image_id": 333, "category_id": 1, "bbox": [807.862, 465.898, 32.198, 51.191], "score": 0.94604}, {"image_id": 333, "category_id": 1, "bbox": [281.319, 784.292, 40.971, 25.224], "score": 0.61012}, {"image_id": 333, "category_id": 1, "bbox": [0.0, 974.169, 22.628, 45.683], "score": 0.45566}, {"image_id": 333, "category_id": 1, "bbox": [534.118, 647.381, 24.621, 33.119], "score": 0.34319}, {"image_id": 333, "category_id": 1, "bbox": [815.273, 566.771, 48.133, 34.563], "score": 0.0964}, {"image_id": 333, "category_id": 1, "bbox": [792.195, 451.695, 55.151, 78.852], "score": 0.02268}, {"image_id": 194, "category_id": 1, "bbox": [465.565, 639.391, 69.912, 63.966], "score": 0.6591}, {"image_id": 194, "category_id": 1, "bbox": [546.365, 736.051, 72.03, 62.496], "score": 0.59296}, {"image_id": 194, "category_id": 1, "bbox": [183.719, 984.187, 60.133, 38.432], "score": 0.23964}, {"image_id": 194, "category_id": 1, "bbox": [179.454, 994.55, 50.174, 29.45], "score": 0.02345}, {"image_id": 194, "category_id": 1, "bbox": [566.384, 736.504, 55.972, 41.541], "score": 0.02034}, {"image_id": 194, "category_id": 1, "bbox": [0.246, 218.391, 26.297, 36.469], "score": 0.01777}, {"image_id": 246, "category_id": 1, "bbox": [615.671, 217.322, 34.172, 80.999], "score": 0.59917}, {"image_id": 246, "category_id": 1, "bbox": [679.322, 287.86, 35.937, 75.624], "score": 0.54912}, {"image_id": 246, "category_id": 1, "bbox": [302.148, 507.382, 28.996, 52.614], "score": 0.30274}, {"image_id": 246, "category_id": 1, "bbox": [223.06, 464.841, 26.404, 48.842], "score": 0.19252}, {"image_id": 246, "category_id": 1, "bbox": [353.531, 528.735, 41.229, 41.756], "score": 0.03671}, {"image_id": 246, "category_id": 1, "bbox": [565.085, 729.452, 24.627, 55.366], "score": 0.02845}, {"image_id": 246, "category_id": 1, "bbox": [972.756, 0.0, 51.244, 20.928], "score": 0.02719}, {"image_id": 246, "category_id": 1, "bbox": [985.421, 366.281, 34.284, 83.681], "score": 0.02446}, {"image_id": 246, "category_id": 1, "bbox": [35.087, 521.903, 32.084, 33.233], "score": 0.02329}, {"image_id": 246, "category_id": 1, "bbox": [439.706, 715.162, 34.248, 62.973], "score": 0.02306}, {"image_id": 124, "category_id": 1, "bbox": [689.118, 828.996, 33.599, 47.37], "score": 0.93718}, {"image_id": 124, "category_id": 1, "bbox": [996.726, 579.78, 23.005, 25.925], "score": 0.04064}, {"image_id": 124, "category_id": 1, "bbox": [41.104, 344.18, 36.142, 40.257], "score": 0.03588}, {"image_id": 124, "category_id": 1, "bbox": [476.892, 55.193, 27.505, 60.231], "score": 0.02946}, {"image_id": 124, "category_id": 1, "bbox": [391.084, 981.1, 34.82, 41.179], "score": 0.02745}, {"image_id": 124, "category_id": 1, "bbox": [964.21, 0.0, 59.79, 81.314], "score": 0.02334}, {"image_id": 124, "category_id": 1, "bbox": [677.892, 815.496, 62.299, 68.559], "score": 0.0149}, {"image_id": 124, "category_id": 1, "bbox": [696.533, 842.702, 32.772, 44.026], "score": 0.01353}, {"image_id": 124, "category_id": 1, "bbox": [993.364, 582.639, 21.531, 25.369], "score": 0.01264}, {"image_id": 124, "category_id": 1, "bbox": [671.415, 836.614, 46.862, 41.474], "score": 0.01115}, {"image_id": 124, "category_id": 1, "bbox": [825.221, 807.344, 20.227, 22.611], "score": 0.01094}, {"image_id": 124, "category_id": 1, "bbox": [0.607, 141.152, 23.074, 69.354], "score": 0.01036}, {"image_id": 443, "category_id": 1, "bbox": [846.578, 52.411, 79.099, 42.52], "score": 0.98754}, {"image_id": 443, "category_id": 1, "bbox": [796.585, 689.49, 55.753, 28.518], "score": 0.70621}, {"image_id": 443, "category_id": 1, "bbox": [405.942, 492.492, 46.96, 26.756], "score": 0.21252}, {"image_id": 443, "category_id": 1, "bbox": [0.219, 511.307, 26.306, 50.256], "score": 0.0977}, {"image_id": 443, "category_id": 1, "bbox": [525.743, 548.786, 43.477, 24.869], "score": 0.08525}, {"image_id": 443, "category_id": 1, "bbox": [3.839, 694.749, 31.26, 38.136], "score": 0.0326}, {"image_id": 511, "category_id": 1, "bbox": [720.29, 67.18, 45.987, 30.777], "score": 0.91525}, {"image_id": 511, "category_id": 1, "bbox": [251.49, 509.377, 69.078, 41.504], "score": 0.78334}, {"image_id": 511, "category_id": 1, "bbox": [57.495, 578.652, 37.302, 31.476], "score": 0.23319}, {"image_id": 511, "category_id": 1, "bbox": [892.906, 464.432, 55.395, 41.102], "score": 0.02556}, {"image_id": 511, "category_id": 1, "bbox": [258.834, 514.752, 77.046, 45.209], "score": 0.02179}, {"image_id": 1372, "category_id": 1, "bbox": [149.514, 434.966, 17.593, 21.446], "score": 0.90101}, {"image_id": 1372, "category_id": 1, "bbox": [0.0, 129.83, 10.593, 34.357], "score": 0.42551}, {"image_id": 1372, "category_id": 1, "bbox": [489.203, 148.31, 10.797, 24.877], "score": 0.09625}, {"image_id": 1372, "category_id": 1, "bbox": [268.892, 275.262, 18.857, 21.707], "score": 0.05842}, {"image_id": 1372, "category_id": 1, "bbox": [214.358, 364.933, 29.379, 12.423], "score": 0.03195}, {"image_id": 1372, "category_id": 1, "bbox": [406.188, 0.0, 32.002, 10.652], "score": 0.01749}, {"image_id": 1372, "category_id": 1, "bbox": [448.686, 275.993, 13.024, 14.258], "score": 0.01675}, {"image_id": 1372, "category_id": 1, "bbox": [212.75, 266.723, 26.875, 25.446], "score": 0.01578}, {"image_id": 1372, "category_id": 1, "bbox": [143.458, 428.586, 32.681, 33.708], "score": 0.01472}, {"image_id": 1372, "category_id": 1, "bbox": [144.183, 425.958, 21.138, 29.128], "score": 0.01213}, {"image_id": 535, "category_id": 1, "bbox": [842.482, 778.635, 65.896, 31.673], "score": 0.95308}, {"image_id": 535, "category_id": 1, "bbox": [739.252, 449.358, 50.32, 28.12], "score": 0.69819}, {"image_id": 535, "category_id": 1, "bbox": [833.573, 764.654, 82.252, 42.481], "score": 0.04049}, {"image_id": 535, "category_id": 1, "bbox": [318.853, 0.981, 47.575, 20.312], "score": 0.02159}, {"image_id": 535, "category_id": 1, "bbox": [843.679, 763.81, 63.82, 37.909], "score": 0.01399}, {"image_id": 535, "category_id": 1, "bbox": [1006.775, 142.799, 17.225, 51.632], "score": 0.01174}, {"image_id": 493, "category_id": 1, "bbox": [214.623, 846.294, 28.973, 53.845], "score": 0.9348}, {"image_id": 493, "category_id": 1, "bbox": [811.966, 283.942, 44.359, 63.886], "score": 0.84405}, {"image_id": 493, "category_id": 1, "bbox": [204.779, 833.561, 52.538, 81.118], "score": 0.01691}, {"image_id": 493, "category_id": 1, "bbox": [796.564, 271.825, 50.376, 73.965], "score": 0.01173}, {"image_id": 471, "category_id": 1, "bbox": [964.006, 490.488, 31.449, 55.027], "score": 0.97615}, {"image_id": 471, "category_id": 1, "bbox": [588.491, 0.0, 67.728, 83.083], "score": 0.96949}, {"image_id": 471, "category_id": 1, "bbox": [497.236, 700.96, 24.599, 42.0], "score": 0.30014}, {"image_id": 471, "category_id": 1, "bbox": [266.036, 327.129, 26.486, 42.613], "score": 0.23475}, {"image_id": 471, "category_id": 1, "bbox": [949.852, 480.766, 53.844, 77.536], "score": 0.03327}, {"image_id": 520, "category_id": 1, "bbox": [50.026, 857.303, 36.688, 33.174], "score": 0.9765}, {"image_id": 520, "category_id": 1, "bbox": [165.976, 692.902, 91.016, 54.887], "score": 0.97311}, {"image_id": 520, "category_id": 1, "bbox": [595.021, 268.353, 56.26, 27.431], "score": 0.97276}, {"image_id": 520, "category_id": 1, "bbox": [226.999, 206.908, 75.553, 45.59], "score": 0.9534}, {"image_id": 520, "category_id": 1, "bbox": [880.777, 697.7, 47.535, 23.258], "score": 0.4644}, {"image_id": 520, "category_id": 1, "bbox": [562.192, 989.376, 38.047, 28.751], "score": 0.11292}, {"image_id": 364, "category_id": 1, "bbox": [490.421, 613.479, 26.231, 58.925], "score": 0.96072}, {"image_id": 364, "category_id": 1, "bbox": [597.415, 101.268, 43.963, 44.32], "score": 0.18169}, {"image_id": 364, "category_id": 1, "bbox": [493.463, 108.932, 54.137, 25.049], "score": 0.07709}, {"image_id": 364, "category_id": 1, "bbox": [478.046, 612.139, 33.74, 61.774], "score": 0.03187}, {"image_id": 364, "category_id": 1, "bbox": [477.071, 603.389, 45.007, 86.222], "score": 0.02099}, {"image_id": 364, "category_id": 1, "bbox": [506.326, 973.41, 56.296, 50.59], "score": 0.01428}, {"image_id": 364, "category_id": 1, "bbox": [495.974, 617.683, 32.931, 63.726], "score": 0.01193}, {"image_id": 364, "category_id": 1, "bbox": [0.221, 701.155, 19.077, 49.209], "score": 0.01169}, {"image_id": 508, "category_id": 1, "bbox": [515.537, 358.306, 27.873, 57.707], "score": 0.86158}, {"image_id": 508, "category_id": 1, "bbox": [393.134, 888.956, 43.876, 44.741], "score": 0.08614}, {"image_id": 508, "category_id": 1, "bbox": [386.459, 884.663, 44.369, 42.051], "score": 0.02088}, {"image_id": 508, "category_id": 1, "bbox": [502.623, 355.107, 34.72, 59.749], "score": 0.01553}, {"image_id": 508, "category_id": 1, "bbox": [670.555, 346.783, 55.416, 90.908], "score": 0.01263}, {"image_id": 508, "category_id": 1, "bbox": [503.078, 346.118, 48.842, 86.422], "score": 0.0121}, {"image_id": 508, "category_id": 1, "bbox": [600.452, 309.837, 35.365, 31.436], "score": 0.0114}, {"image_id": 508, "category_id": 1, "bbox": [512.946, 366.314, 26.634, 69.588], "score": 0.01093}, {"image_id": 508, "category_id": 1, "bbox": [0.866, 348.945, 17.518, 44.52], "score": 0.01051}, {"image_id": 653, "category_id": 1, "bbox": [572.107, 437.349, 48.894, 40.569], "score": 0.92427}, {"image_id": 653, "category_id": 1, "bbox": [553.129, 431.221, 71.555, 55.831], "score": 0.03571}, {"image_id": 653, "category_id": 1, "bbox": [371.184, 822.441, 36.262, 31.755], "score": 0.02689}, {"image_id": 653, "category_id": 1, "bbox": [589.978, 434.02, 36.012, 36.106], "score": 0.02173}, {"image_id": 653, "category_id": 1, "bbox": [685.241, 0.661, 47.565, 15.107], "score": 0.01039}, {"image_id": 653, "category_id": 1, "bbox": [660.142, 0.0, 62.357, 14.744], "score": 0.00604}, {"image_id": 653, "category_id": 1, "bbox": [591.307, 443.997, 36.352, 44.288], "score": 0.00356}, {"image_id": 653, "category_id": 1, "bbox": [358.815, 820.613, 42.232, 35.76], "score": 0.00292}, {"image_id": 653, "category_id": 1, "bbox": [0.985, 984.524, 21.873, 39.476], "score": 0.00288}, {"image_id": 653, "category_id": 1, "bbox": [174.974, 0.32, 64.6, 17.593], "score": 0.00254}, {"image_id": 713, "category_id": 1, "bbox": [822.093, 484.736, 54.876, 33.655], "score": 0.97367}, {"image_id": 713, "category_id": 1, "bbox": [805.199, 473.12, 88.227, 51.167], "score": 0.05417}, {"image_id": 713, "category_id": 1, "bbox": [234.012, 0.235, 51.044, 17.044], "score": 0.04414}, {"image_id": 713, "category_id": 1, "bbox": [0.0, 459.969, 18.898, 48.122], "score": 0.03326}, {"image_id": 713, "category_id": 1, "bbox": [815.17, 489.376, 49.049, 35.298], "score": 0.03205}, {"image_id": 713, "category_id": 1, "bbox": [589.41, 0.0, 36.693, 21.106], "score": 0.01632}, {"image_id": 713, "category_id": 1, "bbox": [816.519, 478.559, 41.207, 31.508], "score": 0.01007}, {"image_id": 983, "category_id": 1, "bbox": [9.846, 27.359, 29.474, 23.242], "score": 0.67668}, {"image_id": 983, "category_id": 1, "bbox": [239.819, 460.325, 37.741, 38.67], "score": 0.0729}, {"image_id": 983, "category_id": 1, "bbox": [227.478, 93.356, 25.519, 18.276], "score": 0.0443}, {"image_id": 983, "category_id": 1, "bbox": [447.378, 487.98, 26.071, 11.983], "score": 0.042}, {"image_id": 983, "category_id": 1, "bbox": [466.825, 405.539, 21.373, 15.248], "score": 0.0411}, {"image_id": 983, "category_id": 1, "bbox": [0.0, 177.779, 17.919, 39.838], "score": 0.04037}, {"image_id": 983, "category_id": 1, "bbox": [390.77, 382.78, 29.677, 33.062], "score": 0.01998}, {"image_id": 983, "category_id": 1, "bbox": [91.643, 311.308, 28.278, 26.278], "score": 0.01962}, {"image_id": 983, "category_id": 1, "bbox": [253.714, 259.613, 33.343, 33.229], "score": 0.01437}, {"image_id": 983, "category_id": 1, "bbox": [325.303, 24.848, 35.14, 32.144], "score": 0.01413}, {"image_id": 983, "category_id": 1, "bbox": [190.132, 299.765, 20.059, 18.271], "score": 0.01201}, {"image_id": 983, "category_id": 1, "bbox": [153.79, 490.238, 26.875, 9.663], "score": 0.0097}, {"image_id": 983, "category_id": 1, "bbox": [0.0, 160.31, 17.793, 41.128], "score": 0.00883}, {"image_id": 983, "category_id": 1, "bbox": [73.198, 0.0, 57.136, 15.898], "score": 0.00844}, {"image_id": 983, "category_id": 1, "bbox": [186.351, 291.923, 21.109, 24.487], "score": 0.00836}, {"image_id": 983, "category_id": 1, "bbox": [174.604, 283.489, 29.537, 30.843], "score": 0.00746}, {"image_id": 1018, "category_id": 1, "bbox": [239.835, 289.667, 17.78, 16.56], "score": 0.66159}, {"image_id": 1018, "category_id": 1, "bbox": [416.215, 464.02, 19.49, 16.302], "score": 0.58979}, {"image_id": 1018, "category_id": 1, "bbox": [161.078, 192.818, 17.983, 16.136], "score": 0.37591}, {"image_id": 1018, "category_id": 1, "bbox": [163.048, 188.957, 14.89, 16.118], "score": 0.019}, {"image_id": 1018, "category_id": 1, "bbox": [3.048, 639.929, 22.883, 23.627], "score": 0.01053}, {"image_id": 1018, "category_id": 1, "bbox": [235.17, 293.414, 19.537, 16.706], "score": 0.00777}, {"image_id": 1018, "category_id": 1, "bbox": [12.838, 144.321, 14.647, 16.568], "score": 0.00715}, {"image_id": 1018, "category_id": 1, "bbox": [414.803, 468.113, 18.692, 17.014], "score": 0.00651}, {"image_id": 1018, "category_id": 1, "bbox": [159.536, 185.837, 17.205, 19.246], "score": 0.00523}, {"image_id": 1018, "category_id": 1, "bbox": [683.06, 676.676, 16.94, 23.324], "score": 0.0041}, {"image_id": 1018, "category_id": 1, "bbox": [16.541, 147.686, 13.039, 13.587], "score": 0.00395}, {"image_id": 1097, "category_id": 1, "bbox": [533.166, 458.654, 31.688, 19.998], "score": 0.91475}, {"image_id": 1097, "category_id": 1, "bbox": [541.89, 349.052, 33.021, 16.447], "score": 0.8442}, {"image_id": 1097, "category_id": 1, "bbox": [653.47, 642.099, 17.895, 20.603], "score": 0.69252}, {"image_id": 1097, "category_id": 1, "bbox": [498.959, 278.045, 20.128, 18.912], "score": 0.52452}, {"image_id": 1097, "category_id": 1, "bbox": [307.098, 434.827, 41.604, 45.827], "score": 0.45613}, {"image_id": 1097, "category_id": 1, "bbox": [362.766, 351.795, 31.974, 17.881], "score": 0.10298}, {"image_id": 1097, "category_id": 1, "bbox": [41.193, 781.688, 51.712, 17.65], "score": 0.08049}, {"image_id": 409, "category_id": 1, "bbox": [671.828, 262.668, 52.384, 35.861], "score": 0.91323}, {"image_id": 409, "category_id": 1, "bbox": [163.986, 0.0, 54.345, 20.788], "score": 0.11439}, {"image_id": 409, "category_id": 1, "bbox": [18.49, 969.776, 60.998, 52.265], "score": 0.02794}, {"image_id": 409, "category_id": 1, "bbox": [654.581, 248.995, 79.549, 54.71], "score": 0.02781}, {"image_id": 409, "category_id": 1, "bbox": [187.327, 0.268, 102.365, 21.1], "score": 0.02421}, {"image_id": 409, "category_id": 1, "bbox": [227.643, 0.329, 41.486, 24.21], "score": 0.0197}, {"image_id": 409, "category_id": 1, "bbox": [45.421, 958.746, 50.54, 33.226], "score": 0.01882}, {"image_id": 409, "category_id": 1, "bbox": [28.182, 961.615, 63.669, 38.704], "score": 0.01222}, {"image_id": 1342, "category_id": 1, "bbox": [804.58, 301.876, 23.106, 32.945], "score": 0.83459}, {"image_id": 1342, "category_id": 1, "bbox": [543.699, 596.867, 27.036, 26.344], "score": 0.76841}, {"image_id": 1342, "category_id": 1, "bbox": [52.498, 345.453, 21.382, 27.967], "score": 0.41281}, {"image_id": 1342, "category_id": 1, "bbox": [140.526, 0.0, 32.559, 13.642], "score": 0.18193}, {"image_id": 1342, "category_id": 1, "bbox": [655.188, 457.593, 20.819, 30.29], "score": 0.17769}, {"image_id": 1342, "category_id": 1, "bbox": [484.874, 1.513, 20.341, 25.764], "score": 0.17625}, {"image_id": 1342, "category_id": 1, "bbox": [724.613, 633.357, 28.503, 21.393], "score": 0.04963}, {"image_id": 1342, "category_id": 1, "bbox": [1.639, 244.683, 17.469, 24.84], "score": 0.0308}, {"image_id": 1342, "category_id": 1, "bbox": [802.234, 288.864, 25.56, 38.847], "score": 0.02376}]